{
  "ents_f": 89.4179300782,
  "ents_p": 89.58873884,
  "ents_r": 89.2477714007,
  "las": 86.9719228095,
  "tags_acc": 96.7601889571,
  "token_acc": 100.0,
  "uas": 90.183849096
}