{
  "ents_f": 82.9558113628,
  "ents_p": 83.1920932386,
  "ents_r": 82.7208678596,
  "las": 84.4800537875,
  "tags_acc": 94.62,
  "token_acc": 100.0,
  "uas": 87.3599282833
}