{
  "ents_f": 82.998702191,
  "ents_p": 83.4885634359,
  "ents_r": 82.5145558435,
  "las": 88.5644840323,
  "tags_acc": 96.2969806963,
  "token_acc": 95.8813352983,
  "uas": 90.713095072
}